<Objs Version="1.1.0.1" xmlns="http://schemas.microsoft.com/powershell/2004/04">
  <Obj RefId="0">
    <TN RefId="0">
      <T>Microsoft.PowerShell.Commands.PSRepositoryItemInfo</T>
      <T>System.Management.Automation.PSCustomObject</T>
      <T>System.Object</T>
    </TN>
    <MS>
      <S N="Name">ComputerManagementDsc</S>
      <Version N="Version">10.0.0</Version>
      <S N="Type">Module</S>
      <S N="Description">DSC resources for configuration of a Windows computer. These DSC resources allow you to perform computer management tasks, such as renaming the computer, joining a domain and scheduling tasks as well as configuring items such as virtual memory, event logs, time zones and power settings.</S>
      <S N="Author">DSC Community</S>
      <Obj N="CompanyName" RefId="1">
        <TN RefId="1">
          <T>System.Object[]</T>
          <T>System.Array</T>
          <T>System.Object</T>
        </TN>
        <LST>
          <S>PowerShellTeam</S>
          <S>gaelcolas</S>
          <S>dsccommunity</S>
        </LST>
      </Obj>
      <S N="Copyright">Copyright the DSC Community contributors. All rights reserved.</S>
      <DT N="PublishedDate">2025-01-25T15:17:04-05:00</DT>
      <Obj N="InstalledDate" RefId="2">
        <DT>2025-05-17T20:31:24.9881124-04:00</DT>
        <MS>
          <Obj N="DisplayHint" RefId="3">
            <TN RefId="2">
              <T>Microsoft.PowerShell.Commands.DisplayHintType</T>
              <T>System.Enum</T>
              <T>System.ValueType</T>
              <T>System.Object</T>
            </TN>
            <ToString>DateTime</ToString>
            <I32>2</I32>
          </Obj>
        </MS>
      </Obj>
      <Nil N="UpdatedDate" />
      <URI N="LicenseUri">https://github.com/dsccommunity/ComputerManagementDsc/blob/main/LICENSE</URI>
      <URI N="ProjectUri">https://github.com/dsccommunity/ComputerManagementDsc</URI>
      <URI N="IconUri">https://dsccommunity.org/images/DSC_Logo_300p.png</URI>
      <Obj N="Tags" RefId="4">
        <TNRef RefId="1" />
        <LST>
          <S>DesiredStateConfiguration</S>
          <S>DSC</S>
          <S>DSCResource</S>
          <S>PSModule</S>
        </LST>
      </Obj>
      <Obj N="Includes" RefId="5">
        <TN RefId="3">
          <T>System.Collections.Hashtable</T>
          <T>System.Object</T>
        </TN>
        <DCT>
          <En>
            <S N="Key">Cmdlet</S>
            <Obj N="Value" RefId="6">
              <TNRef RefId="1" />
              <LST />
            </Obj>
          </En>
          <En>
            <S N="Key">RoleCapability</S>
            <Ref N="Value" RefId="6" />
          </En>
          <En>
            <S N="Key">DscResource</S>
            <Obj N="Value" RefId="7">
              <TNRef RefId="1" />
              <LST>
                <S>Computer</S>
                <S>OfflineDomainJoin</S>
                <S>PendingReboot</S>
                <S>PowerPlan</S>
                <S>PowerShellExecutionPolicy</S>
                <S>RemoteDesktopAdmin</S>
                <S>ScheduledTask</S>
                <S>SmbServerConfiguration</S>
                <S>SmbShare</S>
                <S>SystemLocale</S>
                <S>SystemProtection</S>
                <S>SystemRestorePoint</S>
                <S>TimeZone</S>
                <S>VirtualMemory</S>
                <S>WindowsEventLog</S>
                <S>WindowsCapability</S>
                <S>IEEnhancedSecurityConfiguration</S>
                <S>UserAccountControl</S>
                <S>PSResourceRepository</S>
              </LST>
            </Obj>
          </En>
          <En>
            <S N="Key">Workflow</S>
            <Ref N="Value" RefId="6" />
          </En>
          <En>
            <S N="Key">Command</S>
            <Ref N="Value" RefId="6" />
          </En>
          <En>
            <S N="Key">Function</S>
            <Ref N="Value" RefId="6" />
          </En>
        </DCT>
      </Obj>
      <Nil N="PowerShellGetFormatVersion" />
      <S N="ReleaseNotes">## [10.0.0] - 2025-01-25_x000D__x000A__x000D__x000A_### Added_x000D__x000A__x000D__x000A_- SystemProtection_x000D__x000A_  - New resource to configure System Protection settings (formerly xWindowsRestore) - Fixes [Issue #364](https://github.com/dsccommunity/ComputerManagementDsc/issues/364)._x000D__x000A_- SystemRestorePoint_x000D__x000A_  - New resource to create and delete restore points (formerly xSystemRestorePoint) - Fixes [Issue #364](https://github.com/dsccommunity/ComputerManagementDsc/issues/364)._x000D__x000A_- ScheduledTask_x000D__x000A_  - Added support for ScheduleType 'OnIdle', 'AtCreation', 'OnSessionState'._x000D__x000A_    Fixes [Issue #282](https://github.com/dsccommunity/ComputerManagementDsc/issues/282)._x000D__x000A_  - Added support for StateChange to allow specifying which session state changes should_x000D__x000A_    trigger the task (with ScheduleType = OnSessionState)._x000D__x000A_  - Added support for StopAtDurationEnd permitting control over the 'Stop all running tasks_x000D__x000A_    at the end of the repetition duration' feature._x000D__x000A_    Fixes [Issue #168](https://github.com/dsccommunity/ComputerManagementDsc/issues/168)._x000D__x000A_  - Added support for TriggerExecutionTimeLimit permitting control over per-trigger 'Stop task_x000D__x000A_    if it runs longer than...' feature._x000D__x000A__x000D__x000A_### Fixed_x000D__x000A__x000D__x000A_- BREAKING CHANGE: ScheduledTask_x000D__x000A_  - Fixed SynchronizeAcrossTimeZone issue where Test always throws False when a date &amp; time is used_x000D__x000A_    where Daylight Savings Time is in operation. Fixes [Issue #374](https://github.com/dsccommunity/ComputerManagementDsc/issues/374)._x000D__x000A_  - Fixed Test-DateStringContainsTimeZone to correctly process date strings behind UTC (-), as well_x000D__x000A_    as UTC Zulu 'Z' strings._x000D__x000A_  - Fixed User parameter to correctly return the user that triggers an AtLogon or OnSessionState_x000D__x000A_    Schedule Type, instead of the current value of ExecuteAsCredential. This parameter_x000D__x000A_    is only valid when using the AtLogon and OnSessionState Schedule Types._x000D__x000A_  - Fixed User parameter to permit use even if LogonType = Group._x000D__x000A_  - Updated RandomDelay logic from a blacklist to a whitelist._x000D__x000A_  - Updated Delay parameter logic to reflect other TimeSpan based values._x000D__x000A_  - Updated unit tests to use Should -Invoke for Pester 5 compatibility._x000D__x000A_  - Updated various parameters with requirements in documentation._x000D__x000A_- `VirtualMemory` fix incorrect variable name_x000D__x000A_- `SmbServerConfiguration` remove errant argument_x000D__x000A_- Update all calls to edit the registry so that the value Type is explicitly set._x000D__x000A_  Fixes [Issue #433](https://github.com/dsccommunity/ComputerManagementDsc/issues/433)._x000D__x000A_- Made AppVeyor use ModuleFast to resolve dependencies._x000D__x000A__x000D__x000A_### Changed_x000D__x000A__x000D__x000A_- BREAKING CHANGE: ScheduledTask_x000D__x000A_  - StartTime has chnage the type from DateTime to String._x000D__x000A_  - StartTime is now processed on the device, rather than at compile time. This makes it possible_x000D__x000A_    to configure start times based on each device's timezone, rather than being fixed to the time zone_x000D__x000A_    configured on the device where the Desired State Configuration compilation was run._x000D__x000A_  - Allow StartTime to be used to set the 'Activate' setting when adding ScheduleType triggers_x000D__x000A_    other than 'Once', 'Daily' and 'Weekly'._x000D__x000A_  - Changed the default StartTime date from today to 1st January 1980 to prevent configuration flip flopping,_x000D__x000A_    and added note to configuration README to advise always supplying a date, and not just a time._x000D__x000A_    Fixes [Issue #148](https://github.com/dsccommunity/ComputerManagementDsc/issues/148)._x000D__x000A_    Fixes [Issue #411](https://github.com/dsccommunity/ComputerManagementDsc/issues/411)._x000D__x000A_  - Added examples &amp; note to configuration README to supply a timezone when using SynchronizeAcrossTimeZone._x000D__x000A_  - Allow SynchronizeAcrossTimeZone to be used when adding ScheduleType triggers other than 'Once',_x000D__x000A_    'Daily' and 'Weekly'._x000D__x000A_  - Updated Delay parameter to support ScheduleType AtLogon, AtStartup, AtCreation, OnSessionState._x000D__x000A_    Fixes [Issue #345](https://github.com/dsccommunity/ComputerManagementDsc/issues/345)._x000D__x000A_  - Updated User parameter for use with ScheduleType OnSessionState in addition to AtLogon._x000D__x000A_  - Updated integration tests to ensure resource and configuration names are matching._x000D__x000A_- Converted tests to Pester 5_x000D__x000A_- Rename Delete-ADSIObject to Delete-ADSIObject to satisfy HQRM_x000D__x000A_- No longer uses alias `New-InvalidArgumentException` but instead `New-ArgumentException`_x000D__x000A__x000D__x000A_### Removed_x000D__x000A__x000D__x000A_- Removed `Get-InvalidOperationRecord` to use version provided by `DscResource.Test`</S>
      <Obj N="Dependencies" RefId="8">
        <TNRef RefId="1" />
        <LST />
      </Obj>
      <S N="RepositorySourceLocation">https://www.powershellgallery.com/api/v2</S>
      <S N="Repository">PSGallery</S>
      <S N="PackageManagementProvider">NuGet</S>
      <Obj N="AdditionalMetadata" RefId="9">
        <TN RefId="4">
          <T>System.Management.Automation.PSCustomObject</T>
          <T>System.Object</T>
        </TN>
        <MS>
          <S N="copyright">Copyright the DSC Community contributors. All rights reserved.</S>
          <S N="description">DSC resources for configuration of a Windows computer. These DSC resources allow you to perform computer management tasks, such as renaming the computer, joining a domain and scheduling tasks as well as configuring items such as virtual memory, event logs, time zones and power settings.</S>
          <S N="requireLicenseAcceptance">False</S>
          <S N="releaseNotes">## [10.0.0] - 2025-01-25_x000D__x000A__x000D__x000A_### Added_x000D__x000A__x000D__x000A_- SystemProtection_x000D__x000A_  - New resource to configure System Protection settings (formerly xWindowsRestore) - Fixes [Issue #364](https://github.com/dsccommunity/ComputerManagementDsc/issues/364)._x000D__x000A_- SystemRestorePoint_x000D__x000A_  - New resource to create and delete restore points (formerly xSystemRestorePoint) - Fixes [Issue #364](https://github.com/dsccommunity/ComputerManagementDsc/issues/364)._x000D__x000A_- ScheduledTask_x000D__x000A_  - Added support for ScheduleType 'OnIdle', 'AtCreation', 'OnSessionState'._x000D__x000A_    Fixes [Issue #282](https://github.com/dsccommunity/ComputerManagementDsc/issues/282)._x000D__x000A_  - Added support for StateChange to allow specifying which session state changes should_x000D__x000A_    trigger the task (with ScheduleType = OnSessionState)._x000D__x000A_  - Added support for StopAtDurationEnd permitting control over the 'Stop all running tasks_x000D__x000A_    at the end of the repetition duration' feature._x000D__x000A_    Fixes [Issue #168](https://github.com/dsccommunity/ComputerManagementDsc/issues/168)._x000D__x000A_  - Added support for TriggerExecutionTimeLimit permitting control over per-trigger 'Stop task_x000D__x000A_    if it runs longer than...' feature._x000D__x000A__x000D__x000A_### Fixed_x000D__x000A__x000D__x000A_- BREAKING CHANGE: ScheduledTask_x000D__x000A_  - Fixed SynchronizeAcrossTimeZone issue where Test always throws False when a date &amp; time is used_x000D__x000A_    where Daylight Savings Time is in operation. Fixes [Issue #374](https://github.com/dsccommunity/ComputerManagementDsc/issues/374)._x000D__x000A_  - Fixed Test-DateStringContainsTimeZone to correctly process date strings behind UTC (-), as well_x000D__x000A_    as UTC Zulu 'Z' strings._x000D__x000A_  - Fixed User parameter to correctly return the user that triggers an AtLogon or OnSessionState_x000D__x000A_    Schedule Type, instead of the current value of ExecuteAsCredential. This parameter_x000D__x000A_    is only valid when using the AtLogon and OnSessionState Schedule Types._x000D__x000A_  - Fixed User parameter to permit use even if LogonType = Group._x000D__x000A_  - Updated RandomDelay logic from a blacklist to a whitelist._x000D__x000A_  - Updated Delay parameter logic to reflect other TimeSpan based values._x000D__x000A_  - Updated unit tests to use Should -Invoke for Pester 5 compatibility._x000D__x000A_  - Updated various parameters with requirements in documentation._x000D__x000A_- `VirtualMemory` fix incorrect variable name_x000D__x000A_- `SmbServerConfiguration` remove errant argument_x000D__x000A_- Update all calls to edit the registry so that the value Type is explicitly set._x000D__x000A_  Fixes [Issue #433](https://github.com/dsccommunity/ComputerManagementDsc/issues/433)._x000D__x000A_- Made AppVeyor use ModuleFast to resolve dependencies._x000D__x000A__x000D__x000A_### Changed_x000D__x000A__x000D__x000A_- BREAKING CHANGE: ScheduledTask_x000D__x000A_  - StartTime has chnage the type from DateTime to String._x000D__x000A_  - StartTime is now processed on the device, rather than at compile time. This makes it possible_x000D__x000A_    to configure start times based on each device's timezone, rather than being fixed to the time zone_x000D__x000A_    configured on the device where the Desired State Configuration compilation was run._x000D__x000A_  - Allow StartTime to be used to set the 'Activate' setting when adding ScheduleType triggers_x000D__x000A_    other than 'Once', 'Daily' and 'Weekly'._x000D__x000A_  - Changed the default StartTime date from today to 1st January 1980 to prevent configuration flip flopping,_x000D__x000A_    and added note to configuration README to advise always supplying a date, and not just a time._x000D__x000A_    Fixes [Issue #148](https://github.com/dsccommunity/ComputerManagementDsc/issues/148)._x000D__x000A_    Fixes [Issue #411](https://github.com/dsccommunity/ComputerManagementDsc/issues/411)._x000D__x000A_  - Added examples &amp; note to configuration README to supply a timezone when using SynchronizeAcrossTimeZone._x000D__x000A_  - Allow SynchronizeAcrossTimeZone to be used when adding ScheduleType triggers other than 'Once',_x000D__x000A_    'Daily' and 'Weekly'._x000D__x000A_  - Updated Delay parameter to support ScheduleType AtLogon, AtStartup, AtCreation, OnSessionState._x000D__x000A_    Fixes [Issue #345](https://github.com/dsccommunity/ComputerManagementDsc/issues/345)._x000D__x000A_  - Updated User parameter for use with ScheduleType OnSessionState in addition to AtLogon._x000D__x000A_  - Updated integration tests to ensure resource and configuration names are matching._x000D__x000A_- Converted tests to Pester 5_x000D__x000A_- Rename Delete-ADSIObject to Delete-ADSIObject to satisfy HQRM_x000D__x000A_- No longer uses alias `New-InvalidArgumentException` but instead `New-ArgumentException`_x000D__x000A__x000D__x000A_### Removed_x000D__x000A__x000D__x000A_- Removed `Get-InvalidOperationRecord` to use version provided by `DscResource.Test`</S>
          <S N="isLatestVersion">True</S>
          <S N="isAbsoluteLatestVersion">False</S>
          <S N="versionDownloadCount">346920</S>
          <S N="downloadCount">45055785</S>
          <S N="packageSize">260802</S>
          <S N="published">1/25/2025 3:17:04 PM -05:00</S>
          <S N="created">1/25/2025 3:17:04 PM -05:00</S>
          <S N="lastUpdated">5/18/2025 12:30:00 AM -04:00</S>
          <S N="tags">DesiredStateConfiguration DSC DSCResource PSModule</S>
          <S N="developmentDependency">False</S>
          <S N="updated">2025-05-18T00:30:00Z</S>
          <S N="NormalizedVersion">10.0.0</S>
          <S N="Authors">DSC Community</S>
          <S N="IsPrerelease">false</S>
          <S N="ItemType">Module</S>
          <S N="FileList">ComputerManagementDsc.nuspec|ComputerManagementDsc.psm1|DSCResources\DSC_PendingReboot\README.md|DSCResources\DSC_PendingReboot\DSC_PendingReboot.psm1|ComputerManagementDsc.psd1|Modules\ComputerManagementDsc.Common\ComputerManagementDsc.Common.psm1|en-US\PSResourceRepository.strings.psd1|Modules\ComputerManagementDsc.Common\SetTimeZone.cs|en-US\about_PSResourceRepository.help.txt|DSCResources\DSC_SystemProtection\en-US\about_SystemProtection.help.txt|en-US\ComputerManagementDsc.strings.psd1|DSCResources\DSC_SystemProtection\en-US\DSC_SystemProtection.strings.psd1|en-US\about_ComputerManagementDsc.help.txt|DSCResources\DSC_PowerPlan\en-US\about_PowerPlan.help.txt|DSCResources\DSC_SystemProtection\README.md|DSCResources\DSC_PowerPlan\en-US\DSC_PowerPlan.schema.mfl|DSCResources\DSC_SystemProtection\DSC_SystemProtection.psm1|DSCResources\DSC_PowerPlan\en-US\DSC_PowerPlan.strings.psd1|DSCResources\DSC_SystemProtection\DSC_SystemProtection.schema.mof|DSCResources\DSC_RemoteDesktopAdmin\en-US\DSC_RemoteDesktopAdmin.strings.psd1|DSCResources\DSC_PowerPlan\README.md|DSCResources\DSC_RemoteDesktopAdmin\en-US\about_RemoteDesktopAdmin.help.txt|DSCResources\DSC_PowerPlan\DSC_PowerPlan.psm1|DSCResources\DSC_WindowsCapability\en-US\about_WindowsCapability.help.txt|DSCResources\DSC_PowerPlan\DSC_PowerPlan.schema.mof|DSCResources\DSC_WindowsCapability\en-US\DSC_WindowsCapability.strings.psd1|DSCResources\DSC_RemoteDesktopAdmin\README.md|DSCResources\DSC_WindowsEventLog\en-US\DSC_WindowsEventLog.strings.psd1|DSCResources\DSC_RemoteDesktopAdmin\DSC_RemoteDesktopAdmin.schema.mof|DSCResources\DSC_WindowsEventLog\en-US\about_WindowsEventLog.help.txt|DSCResources\DSC_RemoteDesktopAdmin\DSC_RemoteDesktopAdmin.psm1|DSCResources\DSC_OfflineDomainJoin\en-US\about_OfflineDomainJoin.help.txt|DSCResources\DSC_WindowsCapability\README.md|DSCResources\DSC_OfflineDomainJoin\en-US\DSC_OfflineDomainJoin.strings.psd1|DSCResources\DSC_WindowsCapability\DSC_WindowsCapability.psm1|DSCResources\DSC_SystemRestorePoint\en-US\about_SystemRestorePoint.help.txt|DSCResources\DSC_WindowsCapability\DSC_WindowsCapability.schema.mof|DSCResources\DSC_SystemRestorePoint\en-US\DSC_SystemRestorePoint.strings.psd1|DSCResources\DSC_WindowsEventLog\README.md|DSCResources\DSC_IEEnhancedSecurityConfiguration\en-US\DSC_IEEnhancedSecurityConfiguration.strings.psd1|DSCResources\DSC_WindowsEventLog\DSC_WindowsEventLog.schema.mof|DSCResources\DSC_IEEnhancedSecurityConfiguration\en-US\about_IEEnhancedSecurityConfiguration.help.txt|DSCResources\DSC_WindowsEventLog\DSC_WindowsEventLog.psm1|DSCResources\DSC_Computer\en-US\about_Computer.help.txt|DSCResources\DSC_OfflineDomainJoin\README.md|DSCResources\DSC_Computer\en-US\DSC_Computer.strings.psd1|DSCResources\DSC_OfflineDomainJoin\DSC_OfflineDomainJoin.schema.mof|DSCResources\DSC_VirtualMemory\en-US\about_VirtualMemory.help.txt|DSCResources\DSC_OfflineDomainJoin\DSC_OfflineDomainJoin.psm1|DSCResources\DSC_VirtualMemory\en-US\DSC_VirtualMemory.strings.psd1|DSCResources\DSC_SystemRestorePoint\README.md|DSCResources\DSC_TimeZone\en-US\about_TimeZone.help.txt|DSCResources\DSC_SystemRestorePoint\DSC_SystemRestorePoint.psm1|DSCResources\DSC_TimeZone\en-US\DSC_TimeZone.strings.psd1|DSCResources\DSC_SystemRestorePoint\DSC_SystemRestorePoint.schema.mof|DSCResources\DSC_SmbServerConfiguration\en-US\about_SmbServerConfiguration.help.txt|DSCResources\DSC_IEEnhancedSecurityConfiguration\README.md|DSCResources\DSC_SmbServerConfiguration\en-US\DSC_SmbServerConfiguration.strings.psd1|DSCResources\DSC_IEEnhancedSecurityConfiguration\DSC_IEEnhancedSecurityConfiguration.psm1|DSCResources\DSC_SmbServerConfiguration\en-US\DSC_SmbServerConfiguration.schema.mfl|DSCResources\DSC_IEEnhancedSecurityConfiguration\DSC_IEEnhancedSecurityConfiguration.schema.mof|DSCResources\DSC_SmbShare\en-US\about_SmbShare.help.txt|DSCResources\DSC_Computer\README.md|DSCResources\DSC_SmbShare\en-US\DSC_SmbShare.strings.psd1|DSCResources\DSC_Computer\DSC_Computer.psm1|DSCResources\DSC_SmbShare\en-US\DSC_SmbShare.schema.mfl|DSCResources\DSC_Computer\DSC_Computer.schema.mof|DSCResources\DSC_SystemLocale\en-US\about_SystemLocale.help.txt|DSCResources\DSC_VirtualMemory\DSC_VirtualMemory.psm1|DSCResources\DSC_SystemLocale\en-US\DSC_SystemLocale.strings.psd1|DSCResources\DSC_VirtualMemory\README.md|DSCResources\DSC_UserAccountControl\en-US\DSC_UserAccountControl.strings.psd1|DSCResources\DSC_VirtualMemory\DSC_VirtualMemory.schema.mof|DSCResources\DSC_UserAccountControl\en-US\about_UserAccountControl.help.txt|DSCResources\DSC_TimeZone\DSC_TimeZone.psm1|DSCResources\DSC_PowerShellExecutionPolicy\en-US\about_PowerShellExecutionPolicy.help.txt|DSCResources\DSC_TimeZone\README.md|DSCResources\DSC_PowerShellExecutionPolicy\en-US\DSC_PowerShellExecutionPolicy.strings.psd1|DSCResources\DSC_TimeZone\DSC_TimeZone.schema.mof|DSCResources\DSC_ScheduledTask\en-US\about_ScheduledTask.help.txt|DSCResources\DSC_SmbServerConfiguration\README.md|DSCResources\DSC_ScheduledTask\en-US\DSC_ScheduledTask.strings.psd1|DSCResources\DSC_SmbServerConfiguration\DSC_SmbServerConfiguration.data.psd1|DSCResources\DSC_PendingReboot\en-US\about_PendingReboot.help.txt|DSCResources\DSC_SmbServerConfiguration\DSC_SmbServerConfiguration.schema.mof|DSCResources\DSC_PendingReboot\en-US\DSC_PendingReboot.strings.psd1|DSCResources\DSC_SmbServerConfiguration\DSC_SmbServerConfiguration.psm1|DSCResources\DSC_PendingReboot\en-US\DSC_PendingReboot.data.psd1|DSCResources\DSC_SmbShare\README.md|Modules\DscResource.Common\0.19.0\DscResource.Common.psd1|DSCResources\DSC_SmbShare\DSC_SmbShare.schema.mof|Modules\DscResource.Common\0.19.0\DscResource.Common.psm1|DSCResources\DSC_SmbShare\DSC_SmbShare.psm1|Modules\ComputerManagementDsc.Common\en-US\ComputerManagementDsc.Common.strings.psd1|DSCResources\DSC_SystemLocale\README.md|Modules\DscResource.Base\1.1.2\DscResource.Base.psm1|DSCResources\DSC_SystemLocale\DSC_SystemLocale.schema.mof|Modules\DscResource.Base\1.1.2\DscResource.Base.psd1|DSCResources\DSC_SystemLocale\DSC_SystemLocale.psm1|Modules\DscResource.Common\0.19.0\en-US\DscResource.Common.strings.psd1|DSCResources\DSC_UserAccountControl\README.md|Modules\DscResource.Common\0.19.0\en-US\about_DscResource.Common.help.txt|DSCResources\DSC_UserAccountControl\DSC_UserAccountControl.psm1|Modules\DscResource.Common\0.19.0\en-US\DscResource.Common-help.xml|DSCResources\DSC_UserAccountControl\DSC_UserAccountControl.schema.mof|Modules\DscResource.Base\1.1.2\en-US\DscResource.Base.strings.psd1|DSCResources\DSC_PowerShellExecutionPolicy\README.md|Modules\DscResource.Base\1.1.2\en-US\ResourceBase.strings.psd1|DSCResources\DSC_PowerShellExecutionPolicy\DSC_PowerShellExecutionPolicy.psm1|Modules\DscResource.Base\1.1.2\en-US\about_DscResource.Base.help.txt|DSCResources\DSC_PowerShellExecutionPolicy\DSC_PowerShellExecutionPolicy.schema.mof|Modules\DscResource.Base\1.1.2\Modules\DscResource.Common\0.17.2\DscResource.Common.psd1|DSCResources\DSC_ScheduledTask\README.md|Modules\DscResource.Base\1.1.2\Modules\DscResource.Common\0.17.2\DscResource.Common.psm1|DSCResources\DSC_ScheduledTask\DSC_ScheduledTask.schema.mof|Modules\DscResource.Base\1.1.2\Modules\DscResource.Common\0.17.2\en-US\DscResource.Common.strings.psd1|DSCResources\DSC_ScheduledTask\DSC_ScheduledTask.psm1|Modules\DscResource.Base\1.1.2\Modules\DscResource.Common\0.17.2\en-US\about_DscResource.Common.help.txt|DSCResources\DSC_PendingReboot\DSC_PendingReboot.schema.mof|Modules\DscResource.Base\1.1.2\Modules\DscResource.Common\0.17.2\en-US\DscResource.Common-help.xml</S>
          <S N="DscResources">Computer OfflineDomainJoin PendingReboot PowerPlan PowerShellExecutionPolicy RemoteDesktopAdmin ScheduledTask SmbServerConfiguration SmbShare SystemLocale SystemProtection SystemRestorePoint TimeZone VirtualMemory WindowsEventLog WindowsCapability IEEnhancedSecurityConfiguration UserAccountControl PSResourceRepository</S>
          <S N="GUID">B5004952-489E-43EA-999C-F16A25355B89</S>
          <S N="PowerShellVersion">5.0</S>
          <S N="CLRVersion">4.0</S>
          <S N="CompanyName">DSC Community</S>
        </MS>
      </Obj>
      <S N="InstalledLocation">C:\Users\levolkov\OneDrive - Microsoft\Documents\PowerShell\Modules\ComputerManagementDsc\10.0.0</S>
    </MS>
  </Obj>
</Objs>
